[
  {
    "recordId": "A001",
    "petId": "DOG-001",
    "petName": "Buddy",
    "species": "Dog",
    "adopterName": "John Doe",
    "phone": "555-0101",
    "adoptionDate": "2023-10-15",
    "status": "Approved",
    "notes": "First time owner"
  },
  {
    "recordId": "A002",
    "petId": "DOG-002",
    "petName": "Max",
    "species": "Dog",
    "adopterName": "Jane Smith",
    "phone": "555-0102",
    "adoptionDate": "2023-11-05",
    "status": "Cancelled",
    "notes": "Home check required"
  },
  {
    "recordId": "A003",
    "petId": "CAT-001",
    "petName": "Luna",
    "species": "Cat",
    "adopterName": "Alice Brown",
    "phone": "555-0103",
    "adoptionDate": "2023-11-20",
    "status": "Approved",
    "notes": "Experienced cat owner"
  },
  {
    "recordId": "A004",
    "petId": "DOG-003",
    "petName": "Charlie",
    "species": "Dog",
    "adopterName": "Michael Green",
    "phone": "555-0104",
    "adoptionDate": "2023-09-12",
    "status": "Pending",
    "notes": "Waiting for background check"
  },
  {
    "recordId": "A005",
    "petId": "CAT-002",
    "petName": "Bella",
    "species": "Cat",
    "adopterName": "Sophia Clark",
    "phone": "555-0105",
    "adoptionDate": "2023-07-18",
    "status": "Approved",
    "notes": "Very loving family"
  },
  {
    "recordId": "A006",
    "petId": "DOG-004",
    "petName": "Rocky",
    "species": "Dog",
    "adopterName": "Robert Miller",
    "phone": "555-0106",
    "adoptionDate": "2023-06-10",
    "status": "Cancelled",
    "notes": "Financial issues"
  },
  {
    "recordId": "A007",
    "petId": "CAT-003",
    "petName": "Milo",
    "species": "Cat",
    "adopterName": "David Wilson",
    "phone": "555-0107",
    "adoptionDate": "2023-12-01",
    "status": "Pending",
    "notes": "Verification in progress"
  },
  {
    "recordId": "A008",
    "petId": "RAB-001",
    "petName": "Daisy",
    "species": "Rabbit",
    "adopterName": "Emma Johnson",
    "phone": "555-0108",
    "adoptionDate": "2024-01-11",
    "status": "Approved",
    "notes": "Great match"
  },
  {
    "recordId": "A009",
    "petId": "BRD-001",
    "petName": "Coco",
    "species": "Bird",
    "adopterName": "Chris Evans",
    "phone": "555-0109",
    "adoptionDate": "2024-01-15",
    "status": "Approved",
    "notes": "Loves birds"
  },
  {
    "recordId": "A010",
    "petId": "FSH-001",
    "petName": "Bubbles",
    "species": "Fish",
    "adopterName": "Nina Bell",
    "phone": "555-0110",
    "adoptionDate": "2024-01-18",
    "status": "Pending",
    "notes": "New aquarium setup"
  },
  {
    "recordId": "A011",
    "petId": "DOG-005",
    "petName": "Toby",
    "species": "Dog",
    "adopterName": "Grace Lee",
    "phone": "555-0111",
    "adoptionDate": "2023-08-22",
    "status": "Approved",
    "notes": "Very friendly dog"
  },
  {
    "recordId": "A012",
    "petId": "CAT-004",
    "petName": "Chloe",
    "species": "Cat",
    "adopterName": "Mia Walker",
    "phone": "555-0112",
    "adoptionDate": "2023-11-30",
    "status": "Pending",
    "notes": "Home visit required"
  },
  {
    "recordId": "A013",
    "petId": "RAB-002",
    "petName": "Peanut",
    "species": "Rabbit",
    "adopterName": "Oliver Martin",
    "phone": "555-0113",
    "adoptionDate": "2023-09-29",
    "status": "Approved",
    "notes": "Good environment"
  },
  {
    "recordId": "A014",
    "petId": "BRD-002",
    "petName": "Sunny",
    "species": "Bird",
    "adopterName": "Ella Brooks",
    "phone": "555-0114",
    "adoptionDate": "2023-10-25",
    "status": "Cancelled",
    "notes": "Adopter unavailable"
  },
  {
    "recordId": "A015",
    "petId": "FSH-002",
    "petName": "Goldie",
    "species": "Fish",
    "adopterName": "Kylie Reed",
    "phone": "555-0115",
    "adoptionDate": "2024-02-02",
    "status": "Pending",
    "notes": "Tank cycle needed"
  },
  {
    "recordId": "A016",
    "petId": "CAT-005",
    "petName": "Misty",
    "species": "Cat",
    "adopterName": "Nora Adams",
    "phone": "555-0116",
    "adoptionDate": "2023-08-18",
    "status": "Cancelled",
    "notes": "Health problem"
  },
  {
    "recordId": "A017",
    "petId": "DOG-006",
    "petName": "Bolt",
    "species": "Dog",
    "adopterName": "Lucas Turner",
    "phone": "555-0117",
    "adoptionDate": "2024-02-01",
    "status": "Pending",
    "notes": "Documents verification"
  },
  {
    "recordId": "A018",
    "petId": "RAB-003",
    "petName": "Mochi",
    "species": "Rabbit",
    "adopterName": "Zara Hall",
    "phone": "555-0118",
    "adoptionDate": "2023-12-15",
    "status": "Approved",
    "notes": "Kid friendly pet"
  },
  {
    "recordId": "A019",
    "petId": "BRD-003",
    "petName": "Sky",
    "species": "Bird",
    "adopterName": "Harper Young",
    "phone": "555-0119",
    "adoptionDate": "2024-01-20",
    "status": "Pending",
    "notes": "Needs cage inspection"
  },
  {
    "recordId": "A020",
    "petId": "CAT-006",
    "petName": "Ruby",
    "species": "Cat",
    "adopterName": "Ava Lopez",
    "phone": "555-0120",
    "adoptionDate": "2023-09-05",
    "status": "Approved",
    "notes": "Apartment friendly"
  },
  {
    "recordId": "A021",
    "petId": "DOG-007",
    "petName": "Tiger",
    "species": "Dog",
    "adopterName": "Aaron Foster",
    "phone": "555-0121",
    "adoptionDate": "2024-02-10",
    "status": "Approved",
    "notes": "Loves playtime"
  },
  {
    "recordId": "A022",
    "petId": "CAT-007",
    "petName": "Snow",
    "species": "Cat",
    "adopterName": "Lily Price",
    "phone": "555-0122",
    "adoptionDate": "2023-10-10",
    "status": "Cancelled",
    "notes": "Travel issues"
  },
  {
    "recordId": "A023",
    "petId": "RAB-004",
    "petName": "Nibbles",
    "species": "Rabbit",
    "adopterName": "Leo Barnes",
    "phone": "555-0123",
    "adoptionDate": "2023-06-14",
    "status": "Pending",
    "notes": "Perfect match"
  },
  {
    "recordId": "A024",
    "petId": "BRD-004",
    "petName": "Piper",
    "species": "Bird",
    "adopterName": "Victoria Gray",
    "phone": "555-0124",
    "adoptionDate": "2024-01-08",
    "status": "Pending",
    "notes": "Waiting for approval"
  },
  {
    "recordId": "A025",
    "petId": "FSH-003",
    "petName": "Finny",
    "species": "Fish",
    "adopterName": "Rose Carter",
    "phone": "555-0125",
    "adoptionDate": "2023-12-22",
    "status": "Approved",
    "notes": "Beginner fish keeper"
  },
  {
    "recordId": "A026",
    "petId": "CAT-008",
    "petName": "Whiskers",
    "species": "Cat",
    "adopterName": "Ethan Reed",
    "phone": "555-0126",
    "adoptionDate": "2023-09-22",
    "status": "Pending",
    "notes": "House inspection required"
  },
  {
    "recordId": "A027",
    "petId": "RAB-005",
    "petName": "Fluffy",
    "species": "Rabbit",
    "adopterName": "Hannah Cooper",
    "phone": "555-0127",
    "adoptionDate": "2023-08-05",
    "status": "Cancelled",
    "notes": "Transport issue"
  },
  {
    "recordId": "A028",
    "petId": "BRD-005",
    "petName": "Rio",
    "species": "Bird",
    "adopterName": "Samuel King",
    "phone": "555-0128",
    "adoptionDate": "2023-12-09",
    "status": "Approved",
    "notes": "Bird enthusiast"
  },
  {
    "recordId": "A029",
    "petId": "DOG-008",
    "petName": "Hunter",
    "species": "Dog",
    "adopterName": "Jacob Rivera",
    "phone": "555-0129",
    "adoptionDate": "2024-01-30",
    "status": "Pending",
    "notes": "Paperwork pending"
  },
  {
    "recordId": "A030",
    "petId": "CAT-009",
    "petName": "Maple",
    "species": "Cat",
    "adopterName": "Sarah Peters",
    "phone": "555-0130",
    "adoptionDate": "2023-11-17",
    "status": "Approved",
    "notes": "Calm and loving home"
  },
  {
    "recordId": "A031",
    "petId": "DOG-009",
    "petName": "Peppy",
    "species": "Dog",
    "adopterName": "Holly Simmons",
    "phone": "555-0131",
    "adoptionDate": "2024-02-15",
    "status": "Pending",
    "notes": "Needs vet check"
  },
  {
    "recordId": "A032",
    "petId": "CAT-010",
    "petName": "Shadow",
    "species": "Cat",
    "adopterName": "Mason Ward",
    "phone": "555-0132",
    "adoptionDate": "2023-12-05",
    "status": "Cancelled",
    "notes": "Adopter moved"
  },
  {
    "recordId": "A033",
    "petId": "RAB-006",
    "petName": "Thumper",
    "species": "Rabbit",
    "adopterName": "Lila Bennett",
    "phone": "555-0133",
    "adoptionDate": "2023-12-20",
    "status": "Approved",
    "notes": "Safe home"
  },
  {
    "recordId": "A034",
    "petId": "BRD-006",
    "petName": "Chirpy",
    "species": "Bird",
    "adopterName": "Owen Scott",
    "phone": "555-0134",
    "adoptionDate": "2024-01-25",
    "status": "Pending",
    "notes": "Waiting for cage"
  },
  {
    "recordId": "A035",
    "petId": "FSH-004",
    "petName": "Splash",
    "species": "Fish",
    "adopterName": "Isabella Hughes",
    "phone": "555-0135",
    "adoptionDate": "2024-02-05",
    "status": "Approved",
    "notes": "Beginner friendly"
  },
  {
    "recordId": "A036",
    "petId": "DOG-010",
    "petName": "Sparky",
    "species": "Dog",
    "adopterName": "Noah Brooks",
    "phone": "555-0136",
    "adoptionDate": "2023-11-28",
    "status": "Approved",
    "notes": "Very energetic"
  },
  {
    "recordId": "A037",
    "petId": "CAT-011",
    "petName": "Cuddles",
    "species": "Cat",
    "adopterName": "Ella Simmons",
    "phone": "555-0137",
    "adoptionDate": "2023-12-12",
    "status": "Pending",
    "notes": "Needs home inspection"
  },
  {
    "recordId": "A038",
    "petId": "RAB-007",
    "petName": "Hopper",
    "species": "Rabbit",
    "adopterName": "Logan Morris",
    "phone": "555-0138",
    "adoptionDate": "2024-01-03",
    "status": "Cancelled",
    "notes": "Transport issue"
  },
  {
    "recordId": "A039",
    "petId": "BRD-007",
    "petName": "Tweetie",
    "species": "Bird",
    "adopterName": "Grace Allen",
    "phone": "555-0139",
    "adoptionDate": "2024-02-10",
    "status": "Approved",
    "notes": "Bird lover family"
  },
  {
    "recordId": "A040",
    "petId": "FSH-005",
    "petName": "Coral",
    "species": "Fish",
    "adopterName": "Liam Foster",
    "phone": "555-0140",
    "adoptionDate": "2024-02-12",
    "status": "Pending",
    "notes": "Needs new tank setup"
  }
]