[
  {
    "petId": "PET-001",
    "notes": "Loves to whistle",
    "healthStatus": "Healthy",
    "dob": "2023-05-10",
    "imagePath": "/images/ViewPet1_RedCanaryBird.jpg",
    "name": "Sky",
    "type": "Bird",
    "vaccinated": false,
    "age": 1,
    "breed": "Canary",
    "status": "Available"
  },
  {
    "petId": "PET-002",
    "notes": "Very playful",
    "healthStatus": "Healthy",
    "dob": "2022-06-12",
    "imagePath": "/images/ViewPet2_PersianCat.jpg",
    "name": "Marble",
    "type": "Cat",
    "vaccinated": true,
    "age": 2,
    "breed": "Persian",
    "status": "Available"
  },
  {
    "petId": "PET-003",
    "notes": "Fast swimmer",
    "healthStatus": "Healthy",
    "dob": "2023-03-01",
    "imagePath": "/images/ViewPet3_BettaFish.jpg",
    "name": "Bubbles",
    "type": "Fish",
    "vaccinated": false,
    "age": 1,
    "breed": "Betta",
    "status": "Available"
  },
  {
    "petId": "PET-004",
    "notes": "Shy but cute",
    "healthStatus": "Healthy",
    "dob": "2023-02-15",
    "imagePath": "/images/ViewPet4_LionHeadRabbit.jpg",
    "name": "Berry",
    "type": "Rabbit",
    "vaccinated": false,
    "age": 1,
    "breed": "Lionhead",
    "status": "Available"
  },
  {
    "petId": "PET-005",
    "notes": "Short and adorable",
    "size": "Medium",
    "healthStatus": "Healthy",
    "dob": "2021-04-21",
    "imagePath": "/images/ViewPet5_HuskyDog.jpg",
    "name": "Cooper",
    "type": "Dog",
    "vaccinated": true,
    "age": 3,
    "breed": "Husky",
    "status": "Available"
  },
  {
    "petId": "PET-006",
    "notes": "Soft voice",
    "healthStatus": "Healthy",
    "dob": "2022-09-10",
    "imagePath": "/images/ViewPet6_ParrotBird.jpg",
    "name": "Feather",
    "type": "Bird",
    "vaccinated": false,
    "age": 2,
    "breed": "Parrot",
    "status": "Available"
  },
  {
    "petId": "PET-007",
    "notes": "Calm personality",
    "healthStatus": "Healthy",
    "dob": "2021-07-19",
    "imagePath": "/images/ViewPet7_MaineCoonCat.jpg",
    "name": "Minty",
    "type": "Cat",
    "vaccinated": true,
    "age": 3,
    "breed": "Maine Coon",
    "status": "Available"
  },
  {
    "petId": "PET-008",
    "notes": "Bright colors",
    "healthStatus": "Healthy",
    "dob": "2023-04-05",
    "imagePath": "/images/ViewPet8_GoldFish.png",
    "name": "Nemo",
    "type": "Fish",
    "vaccinated": false,
    "age": 1,
    "breed": "Goldfish",
    "status": "Pending"
  },
  {
    "petId": "PET-009",
    "notes": "Very fluffy",
    "healthStatus": "Healthy",
    "dob": "2022-01-11",
    "imagePath": "/images/ViewPet9_MinilopRabbit.jpg",
    "name": "Snowbell",
    "type": "Rabbit",
    "vaccinated": true,
    "age": 2,
    "breed": "Mini Lop",
    "status": "Available"
  },
  {
    "petId": "PET-010",
    "notes": "Very smart",
    "size": "Large",
    "healthStatus": "Healthy",
    "dob": "2020-08-09",
    "imagePath": "/images/ViewPet10_LabradorGoldenRetrieverDog.jpg",
    "name": "Rusty",
    "type": "Dog",
    "vaccinated": true,
    "age": 4,
    "breed": "Labrador",
    "status": "Available"
  },
  {
    "petId": "PET-011",
    "notes": "Bright feathers",
    "healthStatus": "Healthy",
    "dob": "2023-01-15",
    "imagePath": "/images/ViewPet11_GouldianfinchBird.jpg",
    "name": "Whistle",
    "type": "Bird",
    "vaccinated": false,
    "age": 1,
    "breed": "Finch",
    "status": "Available"
  },
  {
    "petId": "PET-012",
    "notes": "Very fluffy",
    "healthStatus": "Healthy",
    "dob": "2022-02-10",
    "imagePath": "/images/ViewPet12_BengalCat.jpg",
    "name": "Snowpaw",
    "type": "Cat",
    "vaccinated": true,
    "age": 2,
    "breed": "Bengal",
    "status": "Pending"
  },
  {
    "petId": "PET-013",
    "notes": "Colorful fins",
    "healthStatus": "Healthy",
    "dob": "2023-09-12",
    "imagePath": "/images/ViewPet13_BettaFish.jpg",
    "name": "Coral",
    "type": "Fish",
    "vaccinated": false,
    "age": 1,
    "breed": "Betta",
    "status": "Available"
  },
  {
    "petId": "PET-014",
    "notes": "Jumps a lot",
    "healthStatus": "Healthy",
    "dob": "2023-03-20",
    "imagePath": "/images/ViewPet14_NetherlandDwarfRabbit.jpg",
    "name": "Hopster",
    "type": "Rabbit",
    "vaccinated": false,
    "age": 1,
    "breed": "Netherland Dwarf",
    "status": "Available"
  },
  {
    "petId": "PET-015",
    "notes": "Friendly nature",
    "size": "Medium",
    "healthStatus": "Healthy",
    "dob": "2020-04-05",
    "imagePath": "/images/ViewPet15_BeagleDog.jpg",
    "name": "Buddy",
    "type": "Dog",
    "vaccinated": true,
    "age": 4,
    "breed": "Beagle",
    "status": "Pending"
  },
  {
    "petId": "PET-016",
    "notes": "Very loud chirps",
    "healthStatus": "Healthy",
    "dob": "2022-12-10",
    "imagePath": "/images/ViewPet16_ParrotBird.jpg",
    "name": "Chirpy",
    "type": "Bird",
    "vaccinated": false,
    "age": 2,
    "breed": "Parrot",
    "status": "Available"
  },
  {
    "petId": "PET-017",
    "notes": "Fast and active",
    "healthStatus": "Healthy",
    "dob": "2021-03-14",
    "imagePath": "/images/ViewPet17_SiameseCat.jpg",
    "name": "Tiger",
    "type": "Cat",
    "vaccinated": true,
    "age": 3,
    "breed": "Siamese",
    "status": "Available"
  },
  {
    "petId": "PET-018",
    "notes": "Very tiny",
    "healthStatus": "Healthy",
    "dob": "2023-07-07",
    "imagePath": "/images/ViewPet18_DiscusFish.jpg",
    "name": "Splash",
    "type": "Fish",
    "vaccinated": false,
    "age": 1,
    "breed": "Discus",
    "status": "Pending"
  },
  {
    "petId": "PET-019",
    "notes": "Brown colored",
    "healthStatus": "Healthy",
    "dob": "2022-05-22",
    "imagePath": "/images/ViewPet19_LionheadRabbit.jpg",
    "name": "Cinnamon",
    "type": "Rabbit",
    "vaccinated": true,
    "age": 2,
    "breed": "Lionhead",
    "status": "Pending"
  },
  {
    "petId": "PET-020",
    "notes": "Energetic",
    "size": "Medium",
    "healthStatus": "Healthy",
    "dob": "2021-11-11",
    "imagePath": "/images/ViewPet20_BullDog.jpg",
    "name": "Rocky",
    "type": "Dog",
    "vaccinated": true,
    "age": 3,
    "breed": "Bulldog",
    "status": "Available"
  },
  {
    "petId": "PET-021",
    "notes": "Can mimic sounds",
    "healthStatus": "Healthy",
    "dob": "2021-08-08",
    "imagePath": "/images/ViewPet21_CanaryBird.jpg",
    "name": "Mint",
    "type": "Bird",
    "vaccinated": true,
    "age": 3,
    "breed": "Canary",
    "status": "Pending"
  },
  {
    "petId": "PET-022",
    "notes": "Calm \u0026 classy",
    "healthStatus": "Healthy",
    "dob": "2020-10-05",
    "imagePath": "/images/ViewPet22_PersianCat.jpg",
    "name": "Velvet",
    "type": "Cat",
    "vaccinated": true,
    "age": 4,
    "breed": "Persian",
    "status": "Available"
  },
  {
    "petId": "PET-023",
    "notes": "Glows under light",
    "healthStatus": "Healthy",
    "dob": "2023-02-02",
    "imagePath": "/images/ViewPet23_BettaSplendensFish.jpg",
    "name": "Star",
    "type": "Fish",
    "vaccinated": false,
    "age": 1,
    "breed": "Betta",
    "status": "Pending"
  },
  {
    "petId": "PET-024",
    "notes": "Round and cute",
    "healthStatus": "Healthy",
    "dob": "2021-12-15",
    "imagePath": "/images/ViewPet24_MinilopRabbit.jpg",
    "name": "Muffin",
    "type": "Rabbit",
    "vaccinated": true,
    "age": 3,
    "breed": "Mini Lop",
    "status": "Available"
  },
  {
    "petId": "PET-025",
    "notes": "Very fast",
    "size": "Large",
    "healthStatus": "Healthy",
    "dob": "2020-06-06",
    "imagePath": "/images/ViewPet25_HuskyDog.jpg",
    "name": "Bolt",
    "type": "Dog",
    "vaccinated": true,
    "age": 4,
    "breed": "Husky",
    "status": "Available"
  },
  {
    "petId": "PET-026",
    "notes": "Soft singing",
    "healthStatus": "Healthy",
    "dob": "2022-01-21",
    "imagePath": "/images/ViewPet26_FinchBird.jpg",
    "name": "Pearl",
    "type": "Bird",
    "vaccinated": false,
    "age": 2,
    "breed": "Finch",
    "status": "Available"
  },
  {
    "petId": "PET-027",
    "notes": "Long hair",
    "healthStatus": "Healthy",
    "dob": "2021-05-02",
    "imagePath": "/images/ViewPet27_MaineCoonCat.jpg",
    "name": "Fluffy",
    "type": "Cat",
    "vaccinated": true,
    "age": 3,
    "breed": "Maine Coon",
    "status": "Available"
  },
  {
    "petId": "PET-028",
    "notes": "Transparent body",
    "healthStatus": "Healthy",
    "dob": "2023-10-01",
    "imagePath": "/images/ViewPet28_GoldFish.jpg",
    "name": "Diamond",
    "type": "Fish",
    "vaccinated": false,
    "age": 1,
    "breed": "Goldfish",
    "status": "Available"
  },
  {
    "petId": "PET-029",
    "notes": "Brown fur",
    "healthStatus": "Healthy",
    "dob": "2022-08-18",
    "imagePath": "/images/ViewPet29_NetherlandDwarfRabbit.jpg",
    "name": "Brownie",
    "type": "Rabbit",
    "vaccinated": true,
    "age": 2,
    "breed": "Netherland Dwarf",
    "status": "Available"
  },
  {
    "petId": "PET-030",
    "notes": "Guard dog",
    "size": "Large",
    "healthStatus": "Healthy",
    "dob": "2019-04-11",
    "imagePath": "/images/ViewPet30_HuskyDog.jpg",
    "name": "Hunter",
    "type": "Dog",
    "vaccinated": true,
    "age": 5,
    "breed": "Husky",
    "status": "Available"
  },
  {
    "petId": "FIS-001",
    "notes": "",
    "healthStatus": "Healthy",
    "dob": "2025-01-24",
    "imagePath": "C:\\Users\\AA\\Desktop\\Pets\\AddPet3_GoldFish.jpg",
    "name": "Mimi",
    "type": "Fish",
    "vaccinated": false,
    "age": 0,
    "breed": "Goldfish",
    "status": "Available"
  },
  {
    "petId": "DOG-001",
    "notes": "",
    "size": "Medium",
    "healthStatus": "Healthy",
    "dob": "2025-11-24",
    "imagePath": "C:\\Users\\AA\\Desktop\\Pets\\AddPet1_HuskyDog.jpg",
    "name": "Charlie",
    "type": "Dog",
    "vaccinated": true,
    "age": 0,
    "breed": "Husky",
    "status": "Available"
  },
  {
    "petId": "CAT-001",
    "notes": "",
    "healthStatus": "Healthy",
    "dob": "2024-12-10",
    "imagePath": "C:\\Users\\AA\\Desktop\\Pets\\AddPet4_PersianCat.jpg",
    "name": "Zoe",
    "type": "Cat",
    "vaccinated": true,
    "age": 0,
    "breed": "Persian",
    "status": "Available"
  }
]